{
  "formatVersion": 1,
  "database": {
    "version": 4,
    "identityHash": "e5bcec0609b7064f4cd8791afd297072",
    "entities": [
      {
        "tableName": "DirectoryEntity",
        "createSql": "CREATE TABLE IF NOT EXISTS `${TABLE_NAME}` (`id` INTEGER PRIMARY KEY AUTOINCREMENT NOT NULL, `title` TEXT NOT NULL, `parent` TEXT NOT NULL, `child` TEXT NOT NULL, `tags` TEXT NOT NULL DEFAULT '[]', `error` TEXT NOT NULL DEFAULT '', `availableBytes` INTEGER NOT NULL DEFAULT 0, `totalBytes` INTEGER NOT NULL DEFAULT 0, `storageType` TEXT NOT NULL DEFAULT 'INTERNAL', `selected` INTEGER NOT NULL DEFAULT 0, `enabled` INTEGER NOT NULL DEFAULT 1, `active` INTEGER NOT NULL DEFAULT 0)",
        "fields": [
          {
            "fieldPath": "id",
            "columnName": "id",
            "affinity": "INTEGER",
            "notNull": true
          },
          {
            "fieldPath": "title",
            "columnName": "title",
            "affinity": "TEXT",
            "notNull": true
          },
          {
            "fieldPath": "parent",
            "columnName": "parent",
            "affinity": "TEXT",
            "notNull": true
          },
          {
            "fieldPath": "child",
            "columnName": "child",
            "affinity": "TEXT",
            "notNull": true
          },
          {
            "fieldPath": "tags",
            "columnName": "tags",
            "affinity": "TEXT",
            "notNull": true,
            "defaultValue": "'[]'"
          },
          {
            "fieldPath": "error",
            "columnName": "error",
            "affinity": "TEXT",
            "notNull": true,
            "defaultValue": "''"
          },
          {
            "fieldPath": "availableBytes",
            "columnName": "availableBytes",
            "affinity": "INTEGER",
            "notNull": true,
            "defaultValue": "0"
          },
          {
            "fieldPath": "totalBytes",
            "columnName": "totalBytes",
            "affinity": "INTEGER",
            "notNull": true,
            "defaultValue": "0"
          },
          {
            "fieldPath": "storageType",
            "columnName": "storageType",
            "affinity": "TEXT",
            "notNull": true,
            "defaultValue": "'INTERNAL'"
          },
          {
            "fieldPath": "selected",
            "columnName": "selected",
            "affinity": "INTEGER",
            "notNull": true,
            "defaultValue": "0"
          },
          {
            "fieldPath": "enabled",
            "columnName": "enabled",
            "affinity": "INTEGER",
            "notNull": true,
            "defaultValue": "1"
          },
          {
            "fieldPath": "active",
            "columnName": "active",
            "affinity": "INTEGER",
            "notNull": true,
            "defaultValue": "0"
          }
        ],
        "primaryKey": {
          "autoGenerate": true,
          "columnNames": [
            "id"
          ]
        },
        "indices": [],
        "foreignKeys": []
      }
    ],
    "views": [],
    "setupQueries": [
      "CREATE TABLE IF NOT EXISTS room_master_table (id INTEGER PRIMARY KEY,identity_hash TEXT)",
      "INSERT OR REPLACE INTO room_master_table (id,identity_hash) VALUES(42, 'e5bcec0609b7064f4cd8791afd297072')"
    ]
  }
}